ngram_ids,count,smoothed_count
"(88,)",5668,5668.01
"(9,)",5254,5254.01
"(93,)",4367,4367.01
"(11,)",4278,4278.01
"(101,)",2481,2481.01
"(102,)",2128,2128.01
"(54,)",2004,2004.01
"(97,)",1595,1595.01
"(89,)",1520,1520.01
"(85,)",1403,1403.01
"(117,)",1398,1398.01
"(153,)",1118,1118.01
"(72,)",1057,1057.01
"(109,)",1047,1047.01
"(127,)",975,975.01
"(136,)",952,952.01
"(135,)",883,883.01
"(34,)",877,877.01
"(94,)",838,838.01
"(142,)",741,741.01
"(134,)",737,737.01
"(163,)",695,695.01
"(160,)",694,694.01
"(98,)",687,687.01
"(96,)",687,687.01
"(10,)",668,668.01
"(147,)",640,640.01
"(132,)",640,640.01
"(103,)",623,623.01
"(24,)",615,615.01
"(84,)",614,614.01
"(184,)",583,583.01
"(236,)",555,555.01
"(190,)",541,541.01
"(106,)",531,531.01
"(244,)",519,519.01
"(204,)",502,502.01
"(3,)",494,494.01
"(193,)",463,463.01
"(114,)",458,458.01
"(197,)",452,452.01
"(141,)",447,447.01
"(181,)",439,439.01
"(73,)",420,420.01
"(99,)",419,419.01
"(104,)",407,407.01
"(203,)",397,397.01
"(161,)",393,393.01
"(155,)",382,382.01
"(213,)",380,380.01
"(223,)",375,375.01
"(219,)",367,367.01
"(308,)",350,350.01
"(201,)",345,345.01
"(329,)",314,314.01
"(254,)",313,313.01
"(171,)",302,302.01
"(129,)",300,300.01
"(128,)",300,300.01
"(116,)",285,285.01
"(357,)",282,282.01
"(82,)",281,281.01
"(237,)",281,281.01
"(214,)",275,275.01
"(296,)",257,257.01
"(386,)",251,251.01
"(336,)",249,249.01
"(252,)",249,249.01
"(232,)",247,247.01
"(267,)",245,245.01
"(292,)",241,241.01
"(240,)",236,236.01
"(271,)",236,236.01
"(272,)",236,236.01
"(227,)",235,235.01
"(149,)",233,233.01
"(108,)",232,232.01
"(315,)",231,231.01
"(286,)",222,222.01
"(293,)",221,221.01
"(55,)",221,221.01
"(317,)",220,220.01
"(95,)",219,219.01
"(288,)",215,215.01
"(313,)",214,214.01
"(339,)",213,213.01
"(91,)",213,213.01
"(241,)",212,212.01
"(281,)",209,209.01
"(268,)",207,207.01
"(188,)",200,200.01
"(218,)",196,196.01
"(302,)",195,195.01
"(113,)",194,194.01
"(385,)",192,192.01
"(78,)",192,192.01
"(332,)",188,188.01
"(300,)",188,188.01
"(319,)",187,187.01
"(471,)",187,187.01
"(333,)",183,183.01
"(376,)",182,182.01
"(225,)",179,179.01
"(245,)",178,178.01
"(484,)",176,176.01
"(226,)",175,175.01
"(191,)",174,174.01
"(90,)",173,173.01
"(65,)",171,171.01
"(496,)",171,171.01
"(356,)",171,171.01
"(167,)",170,170.01
"(429,)",169,169.01
"(144,)",167,167.01
"(23,)",167,167.01
"(220,)",167,167.01
"(388,)",167,167.01
"(183,)",167,167.01
"(351,)",167,167.01
"(397,)",166,166.01
"(377,)",165,165.01
"(394,)",163,163.01
"(382,)",162,162.01
"(166,)",162,162.01
"(58,)",161,161.01
"(353,)",158,158.01
"(390,)",157,157.01
"(433,)",156,156.01
"(67,)",156,156.01
"(230,)",155,155.01
"(59,)",154,154.01
"(69,)",153,153.01
"(71,)",152,152.01
"(380,)",150,150.01
"(348,)",150,150.01
"(263,)",150,150.01
"(413,)",146,146.01
"(549,)",146,146.01
"(66,)",145,145.01
"(415,)",143,143.01
"(25,)",142,142.01
"(57,)",141,141.01
"(396,)",140,140.01
"(179,)",140,140.01
"(282,)",139,139.01
"(389,)",137,137.01
"(172,)",137,137.01
"(436,)",135,135.01
"(344,)",134,134.01
"(404,)",133,133.01
"(480,)",132,132.01
"(453,)",132,132.01
"(26,)",130,130.01
"(488,)",130,130.01
"(535,)",129,129.01
"(445,)",127,127.01
"(422,)",126,126.01
"(352,)",125,125.01
"(330,)",125,125.01
"(289,)",123,123.01
"(449,)",121,121.01
"(7,)",120,120.01
"(6,)",120,120.01
"(407,)",119,119.01
"(493,)",116,116.01
"(426,)",115,115.01
"(506,)",114,114.01
"(443,)",114,114.01
"(256,)",113,113.01
"(438,)",112,112.01
"(437,)",112,112.01
"(475,)",111,111.01
"(579,)",111,111.01
"(503,)",111,111.01
"(483,)",110,110.01
"(521,)",109,109.01
"(383,)",108,108.01
"(451,)",106,106.01
"(409,)",105,105.01
"(303,)",105,105.01
"(698,)",104,104.01
"(381,)",103,103.01
"(590,)",103,103.01
"(556,)",102,102.01
"(44,)",102,102.01
"(595,)",102,102.01
"(570,)",102,102.01
"(297,)",102,102.01
"(371,)",101,101.01
"(440,)",101,101.01
"(112,)",100,100.01
"(460,)",100,100.01
"(458,)",99,99.01
"(105,)",99,99.01
"(497,)",99,99.01
"(664,)",99,99.01
"(548,)",98,98.01
"(406,)",98,98.01
"(87,)",98,98.01
"(432,)",98,98.01
"(539,)",98,98.01
"(100,)",97,97.01
"(616,)",96,96.01
"(76,)",96,96.01
"(118,)",96,96.01
"(111,)",95,95.01
"(545,)",95,95.01
"(636,)",94,94.01
"(56,)",94,94.01
"(446,)",93,93.01
"(27,)",93,93.01
"(495,)",92,92.01
"(61,)",92,92.01
"(553,)",92,92.01
"(60,)",92,92.01
"(658,)",92,92.01
"(420,)",92,92.01
"(533,)",90,90.01
"(198,)",90,90.01
"(778,)",89,89.01
"(457,)",89,89.01
"(45,)",89,89.01
"(464,)",88,88.01
"(468,)",88,88.01
"(558,)",87,87.01
"(604,)",87,87.01
"(107,)",87,87.01
"(255,)",87,87.01
"(399,)",86,86.01
"(798,)",86,86.01
"(524,)",85,85.01
"(502,)",85,85.01
"(431,)",85,85.01
"(378,)",84,84.01
"(667,)",84,84.01
"(697,)",83,83.01
"(130,)",83,83.01
"(824,)",82,82.01
"(307,)",81,81.01
"(640,)",80,80.01
"(528,)",79,79.01
"(748,)",79,79.01
"(68,)",78,78.01
"(737,)",77,77.01
"(442,)",77,77.01
"(195,)",76,76.01
"(261,)",76,76.01
"(637,)",75,75.01
"(31,)",74,74.01
"(875,)",74,74.01
"(62,)",74,74.01
"(489,)",73,73.01
"(509,)",73,73.01
"(33,)",73,73.01
"(369,)",73,73.01
"(702,)",73,73.01
"(738,)",72,72.01
"(691,)",72,72.01
"(444,)",72,72.01
"(606,)",72,72.01
"(794,)",71,71.01
"(519,)",70,70.01
"(589,)",70,70.01
"(40,)",70,70.01
"(423,)",70,70.01
"(304,)",70,70.01
"(683,)",70,70.01
"(685,)",70,70.01
"(913,)",69,69.01
"(554,)",69,69.01
"(123,)",69,69.01
"(552,)",69,69.01
"(917,)",69,69.01
"(216,)",69,69.01
"(608,)",69,69.01
"(582,)",68,68.01
"(734,)",68,68.01
"(775,)",68,68.01
"(647,)",67,67.01
"(30,)",67,67.01
"(727,)",66,66.01
"(705,)",66,66.01
"(837,)",66,66.01
"(690,)",66,66.01
"(597,)",66,66.01
"(177,)",65,65.01
"(372,)",65,65.01
"(310,)",64,64.01
"(761,)",64,64.01
"(29,)",64,64.01
"(981,)",64,64.01
"(896,)",64,64.01
"(577,)",63,63.01
"(131,)",63,63.01
"(866,)",63,63.01
"(38,)",63,63.01
"(602,)",62,62.01
"(598,)",62,62.01
"(258,)",62,62.01
"(1008,)",62,62.01
"(786,)",62,62.01
"(596,)",61,61.01
"(706,)",61,61.01
"(354,)",61,61.01
"(686,)",61,61.01
"(768,)",61,61.01
"(665,)",60,60.01
"(630,)",60,60.01
"(678,)",60,60.01
"(708,)",60,60.01
"(239,)",60,60.01
"(676,)",60,60.01
"(890,)",60,60.01
"(1045,)",59,59.01
"(802,)",59,59.01
"(605,)",59,59.01
"(176,)",59,59.01
"(841,)",59,59.01
"(508,)",58,58.01
"(854,)",58,58.01
"(668,)",58,58.01
"(48,)",58,58.01
"(626,)",58,58.01
"(1054,)",57,57.01
"(791,)",57,57.01
"(642,)",57,57.01
"(452,)",57,57.01
"(728,)",57,57.01
"(759,)",56,56.01
"(159,)",56,56.01
"(715,)",56,56.01
"(209,)",56,56.01
"(709,)",55,55.01
"(571,)",55,55.01
"(538,)",55,55.01
"(229,)",55,55.01
"(8,)",54,54.01
"(233,)",54,54.01
"(635,)",54,54.01
"(284,)",54,54.01
"(851,)",54,54.01
"(560,)",53,53.01
"(169,)",53,53.01
"(618,)",53,53.01
"(814,)",53,53.01
"(454,)",53,53.01
"(911,)",53,53.01
"(1126,)",53,53.01
"(260,)",53,53.01
"(848,)",53,53.01
"(762,)",53,53.01
"(746,)",52,52.01
"(139,)",52,52.01
"(561,)",52,52.01
"(701,)",52,52.01
"(200,)",52,52.01
"(936,)",52,52.01
"(591,)",52,52.01
"(656,)",52,52.01
"(119,)",52,52.01
"(1140,)",51,51.01
"(110,)",51,51.01
"(950,)",51,51.01
"(259,)",51,51.01
"(547,)",51,51.01
"(700,)",51,51.01
"(704,)",51,51.01
"(137,)",51,51.01
"(342,)",50,50.01
"(1124,)",50,50.01
"(37,)",50,50.01
"(819,)",50,50.01
"(143,)",50,50.01
"(1041,)",50,50.01
"(347,)",50,50.01
"(725,)",50,50.01
"(221,)",50,50.01
"(74,)",49,49.01
"(1061,)",49,49.01
"(64,)",49,49.01
"(671,)",49,49.01
"(1066,)",49,49.01
"(584,)",49,49.01
"(322,)",49,49.01
"(334,)",49,49.01
"(210,)",49,49.01
"(158,)",49,49.01
"(1043,)",48,48.01
"(714,)",48,48.01
"(133,)",48,48.01
"(833,)",48,48.01
"(32,)",48,48.01
"(1179,)",48,48.01
"(365,)",47,47.01
"(806,)",47,47.01
"(996,)",47,47.01
"(846,)",47,47.01
"(1090,)",46,46.01
"(122,)",46,46.01
"(860,)",46,46.01
"(1220,)",46,46.01
"(572,)",46,46.01
"(199,)",46,46.01
"(145,)",46,46.01
"(28,)",46,46.01
"(613,)",45,45.01
"(1223,)",45,45.01
"(907,)",45,45.01
"(893,)",45,45.01
"(892,)",45,45.01
"(541,)",45,45.01
"(476,)",45,45.01
"(1017,)",45,45.01
"(1101,)",45,45.01
"(455,)",45,45.01
"(889,)",45,45.01
"(722,)",45,45.01
"(1003,)",45,45.01
"(840,)",45,45.01
"(1021,)",45,45.01
"(544,)",45,45.01
"(720,)",45,45.01
"(340,)",44,44.01
"(434,)",44,44.01
"(696,)",44,44.01
"(63,)",44,44.01
"(331,)",44,44.01
"(1254,)",44,44.01
"(75,)",44,44.01
"(853,)",44,44.01
"(744,)",44,44.01
"(1100,)",44,44.01
"(276,)",44,44.01
"(180,)",44,44.01
"(1261,)",43,43.01
"(1120,)",43,43.01
"(1138,)",43,43.01
"(1000,)",43,43.01
"(753,)",43,43.01
"(1142,)",43,43.01
"(815,)",43,43.01
"(852,)",43,43.01
"(1053,)",43,43.01
"(511,)",43,43.01
"(666,)",43,43.01
"(257,)",43,43.01
"(208,)",42,42.01
"(654,)",42,42.01
"(993,)",42,42.01
"(359,)",42,42.01
"(312,)",42,42.01
"(165,)",42,42.01
"(41,)",42,42.01
"(807,)",42,42.01
"(326,)",42,42.01
"(870,)",42,42.01
"(206,)",42,42.01
"(891,)",42,42.01
"(1258,)",41,41.01
"(858,)",41,41.01
"(628,)",41,41.01
"(808,)",41,41.01
"(1102,)",41,41.01
"(126,)",41,41.01
"(918,)",41,41.01
"(1213,)",40,40.01
"(991,)",40,40.01
"(86,)",40,40.01
"(1032,)",40,40.01
"(178,)",40,40.01
"(1354,)",40,40.01
"(932,)",40,40.01
"(367,)",40,40.01
"(745,)",40,40.01
"(202,)",40,40.01
"(868,)",40,40.01
"(481,)",40,40.01
"(1188,)",40,40.01
"(951,)",40,40.01
"(1146,)",39,39.01
"(1130,)",39,39.01
"(826,)",39,39.01
"(960,)",39,39.01
"(152,)",39,39.01
"(831,)",39,39.01
"(1062,)",39,39.01
"(83,)",39,39.01
"(645,)",39,39.01
"(1332,)",39,39.01
"(140,)",39,39.01
"(358,)",39,39.01
"(430,)",39,39.01
"(1192,)",38,38.01
"(486,)",38,38.01
"(1207,)",38,38.01
"(847,)",38,38.01
"(672,)",38,38.01
"(1388,)",38,38.01
"(953,)",38,38.01
"(120,)",38,38.01
"(717,)",38,38.01
"(903,)",38,38.01
"(962,)",38,38.01
"(1068,)",38,38.01
"(465,)",38,38.01
"(916,)",38,38.01
"(1414,)",37,37.01
"(187,)",37,37.01
"(185,)",37,37.01
"(1437,)",37,37.01
"(450,)",37,37.01
"(1353,)",37,37.01
"(156,)",37,37.01
"(1038,)",37,37.01
"(844,)",37,37.01
"(915,)",37,37.01
"(39,)",37,37.01
"(243,)",37,37.01
"(1091,)",37,37.01
"(937,)",37,37.01
"(687,)",37,37.01
"(711,)",36,36.01
"(1244,)",36,36.01
"(739,)",36,36.01
"(1201,)",36,36.01
"(1447,)",36,36.01
"(988,)",36,36.01
"(822,)",36,36.01
"(1446,)",36,36.01
"(1134,)",36,36.01
"(115,)",36,36.01
"(872,)",36,36.01
"(1237,)",36,36.01
"(961,)",36,36.01
"(170,)",36,36.01
"(274,)",36,36.01
"(804,)",36,36.01
"(403,)",35,35.01
"(565,)",35,35.01
"(529,)",35,35.01
"(1259,)",35,35.01
"(164,)",35,35.01
"(828,)",35,35.01
"(774,)",35,35.01
"(1025,)",35,35.01
"(949,)",35,35.01
"(273,)",35,35.01
"(311,)",35,35.01
"(1279,)",35,35.01
"(941,)",35,35.01
"(1104,)",35,35.01
"(1249,)",35,35.01
"(1211,)",35,35.01
"(620,)",35,35.01
"(1057,)",35,35.01
"(669,)",35,35.01
"(1183,)",34,34.01
"(470,)",34,34.01
"(1093,)",34,34.01
"(1163,)",34,34.01
"(1036,)",34,34.01
"(1015,)",34,34.01
"(1413,)",34,34.01
"(363,)",34,34.01
"(998,)",34,34.01
"(1329,)",34,34.01
"(773,)",34,34.01
"(1272,)",34,34.01
"(1507,)",34,34.01
"(412,)",33,33.01
"(264,)",33,33.01
"(904,)",33,33.01
"(724,)",33,33.01
"(364,)",33,33.01
"(944,)",33,33.01
"(958,)",33,33.01
"(1151,)",33,33.01
"(816,)",33,33.01
"(1402,)",33,33.01
"(328,)",33,33.01
"(518,)",33,33.01
"(360,)",33,33.01
"(1362,)",33,33.01
"(1355,)",33,33.01
"(154,)",32,32.01
"(983,)",32,32.01
"(1289,)",32,32.01
"(1284,)",32,32.01
"(1404,)",32,32.01
"(1056,)",32,32.01
"(1282,)",32,32.01
"(873,)",32,32.01
"(1367,)",32,32.01
"(1047,)",32,32.01
"(839,)",32,32.01
"(1366,)",32,32.01
"(498,)",32,32.01
"(43,)",32,32.01
"(758,)",32,32.01
"(1160,)",31,31.01
"(194,)",31,31.01
"(1386,)",31,31.01
"(231,)",31,31.01
"(343,)",31,31.01
"(306,)",31,31.01
"(1253,)",31,31.01
"(974,)",31,31.01
"(803,)",31,31.01
"(743,)",31,31.01
"(1088,)",31,31.01
"(1449,)",31,31.01
"(1403,)",31,31.01
"(980,)",31,31.01
"(1162,)",31,31.01
"(1531,)",31,31.01
"(977,)",31,31.01
"(629,)",31,31.01
"(573,)",31,31.01
"(1240,)",31,31.01
"(211,)",31,31.01
"(644,)",31,31.01
"(650,)",31,31.01
"(1603,)",31,31.01
"(1465,)",31,31.01
"(1429,)",30,30.01
"(490,)",30,30.01
"(157,)",30,30.01
"(295,)",30,30.01
"(643,)",30,30.01
"(251,)",30,30.01
"(1600,)",30,30.01
"(1464,)",30,30.01
"(964,)",30,30.01
"(1602,)",30,30.01
"(1296,)",30,30.01
"(522,)",30,30.01
"(1541,)",30,30.01
"(1200,)",30,30.01
"(253,)",30,30.01
"(1604,)",30,30.01
"(205,)",30,30.01
"(1059,)",30,30.01
"(1194,)",29,29.01
"(265,)",29,29.01
"(1132,)",29,29.01
"(1196,)",29,29.01
"(832,)",29,29.01
"(1463,)",29,29.01
"(469,)",29,29.01
"(1242,)",29,29.01
"(1233,)",29,29.01
"(1422,)",29,29.01
"(1214,)",29,29.01
"(1308,)",29,29.01
"(820,)",29,29.01
"(1078,)",29,29.01
"(1635,)",29,29.01
"(1205,)",29,29.01
"(1613,)",29,29.01
"(1336,)",29,29.01
"(1481,)",29,29.01
"(1438,)",29,29.01
"(601,)",29,29.01
"(249,)",29,29.01
"(1675,)",28,28.01
"(1324,)",28,28.01
"(1106,)",28,28.01
"(1639,)",28,28.01
"(287,)",28,28.01
"(278,)",28,28.01
"(1667,)",28,28.01
"(1337,)",28,28.01
"(345,)",28,28.01
"(499,)",28,28.01
"(612,)",28,28.01
"(487,)",28,28.01
"(1375,)",28,28.01
"(1679,)",28,28.01
"(335,)",28,28.01
"(150,)",28,28.01
"(1030,)",28,28.01
"(138,)",28,28.01
"(425,)",28,28.01
"(1731,)",28,28.01
"(327,)",28,28.01
"(877,)",28,28.01
"(212,)",28,28.01
"(835,)",28,28.01
"(531,)",28,28.01
"(1212,)",28,28.01
"(1680,)",28,28.01
"(1009,)",28,28.01
"(1103,)",28,28.01
"(1722,)",28,28.01
"(1417,)",28,28.01
"(755,)",28,28.01
"(349,)",28,28.01
"(1376,)",28,28.01
"(1305,)",28,28.01
"(1224,)",28,28.01
"(600,)",28,28.01
"(361,)",28,28.01
"(280,)",27,27.01
"(1558,)",27,27.01
"(1382,)",27,27.01
"(1348,)",27,27.01
"(1335,)",27,27.01
"(1014,)",27,27.01
"(1633,)",27,27.01
"(1497,)",27,27.01
"(712,)",27,27.01
"(1230,)",27,27.01
"(934,)",27,27.01
"(1383,)",27,27.01
"(1683,)",27,27.01
"(1645,)",27,27.01
"(473,)",27,27.01
"(1726,)",27,27.01
"(1031,)",27,27.01
"(677,)",27,27.01
"(777,)",27,27.01
"(1161,)",27,27.01
"(525,)",27,27.01
"(1082,)",27,27.01
"(92,)",26,26.01
"(649,)",26,26.01
"(1694,)",26,26.01
"(1149,)",26,26.01
"(995,)",26,26.01
"(248,)",26,26.01
"(510,)",26,26.01
"(4,)",26,26.01
"(1177,)",26,26.01
"(982,)",26,26.01
"(740,)",26,26.01
"(1475,)",26,26.01
"(621,)",26,26.01
"(1298,)",26,26.01
"(398,)",26,26.01
"(1294,)",26,26.01
"(1069,)",26,26.01
"(660,)",26,26.01
"(1108,)",26,26.01
"(615,)",26,26.01
"(516,)",26,26.01
"(1727,)",26,26.01
"(1071,)",26,26.01
"(1496,)",26,26.01
"(1485,)",26,26.01
"(1451,)",26,26.01
"(1326,)",26,26.01
"(1273,)",26,26.01
"(1345,)",25,25.01
"(1762,)",25,25.01
"(392,)",25,25.01
"(1515,)",25,25.01
"(1359,)",25,25.01
"(346,)",25,25.01
"(1274,)",25,25.01
"(507,)",25,25.01
"(1307,)",25,25.01
"(1864,)",25,25.01
"(1309,)",25,25.01
"(447,)",25,25.01
"(859,)",25,25.01
"(923,)",25,25.01
"(400,)",25,25.01
"(1202,)",25,25.01
"(1518,)",25,25.01
"(1719,)",25,25.01
"(1867,)",25,25.01
"(515,)",25,25.01
"(1856,)",25,25.01
"(1819,)",25,25.01
"(1850,)",25,25.01
"(1578,)",25,25.01
"(1081,)",25,25.01
"(504,)",25,25.01
"(999,)",25,25.01
"(827,)",25,25.01
"(1608,)",25,25.01
"(1395,)",25,25.01
"(186,)",25,25.01
"(1846,)",25,25.01
"(1063,)",24,24.01
"(563,)",24,24.01
"(234,)",24,24.01
"(1736,)",24,24.01
"(1720,)",24,24.01
"(1870,)",24,24.01
"(224,)",24,24.01
"(1755,)",24,24.01
"(527,)",24,24.01
"(1360,)",24,24.01
"(1352,)",24,24.01
"(1769,)",24,24.01
"(1818,)",24,24.01
"(1756,)",24,24.01
"(1877,)",24,24.01
"(1323,)",24,24.01
"(1283,)",24,24.01
"(1588,)",24,24.01
"(1262,)",24,24.01
"(695,)",24,24.01
"(250,)",24,24.01
"(876,)",24,24.01
"(1581,)",24,24.01
"(1076,)",24,24.01
"(1385,)",24,24.01
"(1203,)",24,24.01
"(1811,)",24,24.01
"(173,)",24,24.01
"(1908,)",24,24.01
"(1349,)",23,23.01
"(1718,)",23,23.01
"(906,)",23,23.01
"(1227,)",23,23.01
"(1526,)",23,23.01
"(670,)",23,23.01
"(1670,)",23,23.01
"(593,)",23,23.01
"(1511,)",23,23.01
"(1730,)",23,23.01
"(867,)",23,23.01
"(238,)",23,23.01
"(1342,)",23,23.01
"(1573,)",23,23.01
"(1935,)",23,23.01
"(401,)",23,23.01
"(1522,)",23,23.01
"(1595,)",23,23.01
"(125,)",23,23.01
"(1018,)",23,23.01
"(1837,)",23,23.01
"(2014,)",23,23.01
"(1881,)",23,23.01
"(1225,)",23,23.01
"(622,)",23,23.01
"(1937,)",23,23.01
"(1378,)",23,23.01
"(1594,)",23,23.01
"(1370,)",23,23.01
"(1482,)",23,23.01
"(749,)",23,23.01
"(646,)",23,23.01
"(1187,)",23,23.01
"(1221,)",23,23.01
"(1006,)",23,23.01
"(1048,)",23,23.01
"(2008,)",22,22.01
"(1433,)",22,22.01
"(1178,)",22,22.01
"(1095,)",22,22.01
"(1231,)",22,22.01
"(1450,)",22,22.01
"(1547,)",22,22.01
"(1234,)",22,22.01
"(2073,)",22,22.01
"(1673,)",22,22.01
"(1158,)",22,22.01
"(262,)",22,22.01
"(1798,)",22,22.01
"(1891,)",22,22.01
"(874,)",22,22.01
"(1013,)",22,22.01
"(1521,)",22,22.01
"(1638,)",22,22.01
"(1866,)",22,22.01
"(1977,)",22,22.01
"(1222,)",22,22.01
"(1659,)",22,22.01
"(408,)",22,22.01
"(1028,)",22,22.01
"(1241,)",22,22.01
"(1682,)",22,22.01
"(987,)",22,22.01
"(1972,)",22,22.01
"(314,)",22,22.01
"(1238,)",22,22.01
"(623,)",22,22.01
"(1617,)",22,22.01
"(1442,)",22,22.01
"(1598,)",22,22.01
"(323,)",22,22.01
"(1302,)",22,22.01
"(1810,)",22,22.01
"(557,)",22,22.01
"(1853,)",22,22.01
"(1993,)",22,22.01
"(2047,)",22,22.01
"(1483,)",21,21.01
"(864,)",21,21.01
"(792,)",21,21.01
"(1674,)",21,21.01
"(1143,)",21,21.01
"(514,)",21,21.01
"(1623,)",21,21.01
"(795,)",21,21.01
"(948,)",21,21.01
"(550,)",21,21.01
"(1197,)",21,21.01
"(985,)",21,21.01
"(1119,)",21,21.01
"(1671,)",21,21.01
"(1642,)",21,21.01
"(1379,)",21,21.01
"(2124,)",21,21.01
"(2122,)",21,21.01
"(2145,)",21,21.01
"(581,)",21,21.01
"(1169,)",21,21.01
"(1180,)",21,21.01
"(151,)",21,21.01
"(1421,)",21,21.01
"(1715,)",21,21.01
"(1423,)",21,21.01
"(1110,)",21,21.01
"(1537,)",21,21.01
"(1198,)",21,21.01
"(1123,)",21,21.01
"(1687,)",21,21.01
"(2123,)",21,21.01
"(1513,)",21,21.01
"(2043,)",21,21.01
"(441,)",21,21.01
"(2143,)",21,21.01
"(1070,)",21,21.01
"(585,)",21,21.01
"(1748,)",21,21.01
"(2146,)",21,21.01
"(1532,)",21,21.01
"(1791,)",21,21.01
"(1519,)",21,21.01
"(1813,)",21,21.01
"(1909,)",21,21.01
"(1857,)",21,21.01
"(986,)",20,20.01
"(2074,)",20,20.01
"(1898,)",20,20.01
"(1805,)",20,20.01
"(1226,)",20,20.01
"(810,)",20,20.01
"(168,)",20,20.01
"(283,)",20,20.01
"(1390,)",20,20.01
"(1947,)",20,20.01
"(984,)",20,20.01
"(1033,)",20,20.01
"(1845,)",20,20.01
"(1458,)",20,20.01
"(2004,)",20,20.01
"(1640,)",20,20.01
"(47,)",20,20.01
"(1757,)",20,20.01
"(1517,)",20,20.01
"(374,)",20,20.01
"(1776,)",20,20.01
"(2209,)",20,20.01
"(1890,)",20,20.01
"(1484,)",20,20.01
"(2198,)",20,20.01
"(1596,)",20,20.01
"(603,)",20,20.01
"(2100,)",20,20.01
"(1760,)",20,20.01
"(1801,)",20,20.01
"(599,)",20,20.01
"(823,)",20,20.01
"(1051,)",20,20.01
"(1815,)",20,20.01
"(1165,)",20,20.01
"(912,)",20,20.01
"(121,)",20,20.01
"(1672,)",20,20.01
"(1412,)",20,20.01
"(946,)",20,20.01
"(1504,)",20,20.01
"(1001,)",20,20.01
"(850,)",20,20.01
"(1996,)",20,20.01
"(279,)",20,20.01
"(175,)",20,20.01
"(1173,)",20,20.01
"(2000,)",20,20.01
"(1011,)",20,20.01
"(641,)",19,19.01
"(1925,)",19,19.01
"(2030,)",19,19.01
"(1741,)",19,19.01
"(1655,)",19,19.01
"(1586,)",19,19.01
"(1478,)",19,19.01
"(2172,)",19,19.01
"(2216,)",19,19.01
"(1662,)",19,19.01
"(1677,)",19,19.01
"(174,)",19,19.01
"(2290,)",19,19.01
"(294,)",19,19.01
"(1940,)",19,19.01
"(485,)",19,19.01
"(2027,)",19,19.01
"(1316,)",19,19.01
"(1788,)",19,19.01
"(2175,)",19,19.01
"(1862,)",19,19.01
"(1709,)",19,19.01
"(882,)",19,19.01
"(1247,)",19,19.01
"(2229,)",19,19.01
"(1620,)",19,19.01
"(379,)",19,19.01
"(1831,)",19,19.01
"(2118,)",19,19.01
"(1317,)",19,19.01
"(1563,)",19,19.01
"(2218,)",19,19.01
"(298,)",19,19.01
"(543,)",19,19.01
"(2279,)",19,19.01
"(299,)",19,19.01
"(763,)",19,19.01
"(607,)",19,19.01
"(1020,)",19,19.01
"(1919,)",19,19.01
"(1267,)",19,19.01
"(2085,)",19,19.01
"(439,)",19,19.01
"(1571,)",19,19.01
"(1723,)",19,19.01
"(2165,)",19,19.01
"(2220,)",19,19.01
"(707,)",19,19.01
"(2116,)",19,19.01
"(513,)",19,19.01
"(1572,)",18,18.01
"(609,)",18,18.01
"(1949,)",18,18.01
"(1264,)",18,18.01
"(1295,)",18,18.01
"(2360,)",18,18.01
"(1278,)",18,18.01
"(2038,)",18,18.01
"(921,)",18,18.01
"(1285,)",18,18.01
"(1538,)",18,18.01
"(1255,)",18,18.01
"(1634,)",18,18.01
"(1982,)",18,18.01
"(922,)",18,18.01
"(1411,)",18,18.01
"(1304,)",18,18.01
"(1312,)",18,18.01
"(2017,)",18,18.01
"(1085,)",18,18.01
"(2171,)",18,18.01
"(2238,)",18,18.01
"(1740,)",18,18.01
"(1885,)",18,18.01
"(1904,)",18,18.01
"(2045,)",18,18.01
"(2337,)",18,18.01
"(1275,)",18,18.01
"(1812,)",18,18.01
"(1243,)",18,18.01
"(957,)",18,18.01
"(2170,)",18,18.01
"(888,)",18,18.01
"(196,)",18,18.01
"(2125,)",18,18.01
"(747,)",18,18.01
"(1569,)",18,18.01
"(653,)",18,18.01
"(1490,)",18,18.01
"(1888,)",18,18.01
"(2260,)",18,18.01
"(46,)",18,18.01
"(1035,)",18,18.01
"(1441,)",18,18.01
"(1498,)",18,18.01
"(1860,)",18,18.01
"(2230,)",18,18.01
"(1361,)",18,18.01
"(1245,)",18,18.01
"(2154,)",18,18.01
"(1708,)",18,18.01
"(1172,)",18,18.01
"(869,)",18,18.01
"(1915,)",18,18.01
"(1944,)",18,18.01
"(370,)",18,18.01
"(2020,)",18,18.01
"(1545,)",18,18.01
"(945,)",18,18.01
"(2365,)",18,18.01
"(2257,)",18,18.01
"(1759,)",17,17.01
"(305,)",17,17.01
"(1540,)",17,17.01
"(1688,)",17,17.01
"(943,)",17,17.01
"(1529,)",17,17.01
"(963,)",17,17.01
"(994,)",17,17.01
"(1704,)",17,17.01
"(1738,)",17,17.01
"(540,)",17,17.01
"(1556,)",17,17.01
"(1936,)",17,17.01
"(1903,)",17,17.01
"(1331,)",17,17.01
"(2079,)",17,17.01
"(897,)",17,17.01
"(2164,)",17,17.01
"(1460,)",17,17.01
"(680,)",17,17.01
"(1900,)",17,17.01
"(395,)",17,17.01
"(1454,)",17,17.01
"(2320,)",17,17.01
"(1193,)",17,17.01
"(1943,)",17,17.01
"(1508,)",17,17.01
"(1501,)",17,17.01
"(2401,)",17,17.01
"(2072,)",17,17.01
"(2187,)",17,17.01
"(1928,)",17,17.01
"(2299,)",17,17.01
"(2161,)",17,17.01
"(1339,)",17,17.01
"(631,)",17,17.01
"(1303,)",17,17.01
"(477,)",17,17.01
"(1802,)",17,17.01
"(1950,)",17,17.01
"(1893,)",17,17.01
"(587,)",17,17.01
"(2263,)",17,17.01
"(586,)",17,17.01
"(2438,)",17,17.01
"(1765,)",17,17.01
"(883,)",17,17.01
"(1064,)",17,17.01
"(2176,)",17,17.01
"(1567,)",17,17.01
"(1894,)",17,17.01
"(2399,)",17,17.01
"(1619,)",17,17.01
"(1905,)",17,17.01
"(387,)",17,17.01
"(517,)",17,17.01
"(1551,)",17,17.01
"(2439,)",17,17.01
"(2256,)",17,17.01
"(592,)",17,17.01
"(285,)",17,17.01
"(2345,)",16,16.01
"(2424,)",16,16.01
"(2368,)",16,16.01
"(2323,)",16,16.01
"(1946,)",16,16.01
"(2195,)",16,16.01
"(375,)",16,16.01
"(1978,)",16,16.01
"(526,)",16,16.01
"(1391,)",16,16.01
"(2501,)",16,16.01
"(1592,)",16,16.01
"(801,)",16,16.01
"(1277,)",16,16.01
"(269,)",16,16.01
"(1913,)",16,16.01
"(818,)",16,16.01
"(2080,)",16,16.01
"(2280,)",16,16.01
"(1749,)",16,16.01
"(2352,)",16,16.01
"(1656,)",16,16.01
"(494,)",16,16.01
"(1084,)",16,16.01
"(1874,)",16,16.01
"(1276,)",16,16.01
"(1960,)",16,16.01
"(938,)",16,16.01
"(811,)",16,16.01
"(2570,)",16,16.01
"(1384,)",16,16.01
"(1125,)",16,16.01
"(2062,)",16,16.01
"(1779,)",16,16.01
"(266,)",16,16.01
"(884,)",16,16.01
"(2514,)",16,16.01
"(1215,)",16,16.01
"(1286,)",16,16.01
"(1777,)",16,16.01
"(1065,)",16,16.01
"(2538,)",16,16.01
"(971,)",16,16.01
"(1684,)",16,16.01
"(2159,)",16,16.01
"(1625,)",16,16.01
"(1546,)",16,16.01
"(1631,)",16,16.01
"(559,)",16,16.01
"(1431,)",16,16.01
"(1248,)",16,16.01
"(2009,)",16,16.01
"(277,)",16,16.01
"(1599,)",16,16.01
"(1505,)",16,16.01
"(2545,)",16,16.01
"(2117,)",16,16.01
"(1865,)",16,16.01
"(1576,)",16,16.01
"(689,)",16,16.01
"(2447,)",16,16.01
"(2567,)",16,16.01
"(1548,)",16,16.01
"(825,)",16,16.01
"(1780,)",16,16.01
"(2373,)",15,15.01
"(2304,)",15,15.01
"(2448,)",15,15.01
"(1313,)",15,15.01
"(1117,)",15,15.01
"(788,)",15,15.01
"(1789,)",15,15.01
"(2454,)",15,15.01
"(2319,)",15,15.01
"(2142,)",15,15.01
"(2254,)",15,15.01
"(1930,)",15,15.01
"(222,)",15,15.01
"(424,)",15,15.01
"(1753,)",15,15.01
"(1998,)",15,15.01
"(1204,)",15,15.01
"(1918,)",15,15.01
"(1956,)",15,15.01
"(537,)",15,15.01
"(1425,)",15,15.01
"(1387,)",15,15.01
"(1770,)",15,15.01
"(2015,)",15,15.01
"(1906,)",15,15.01
"(2109,)",15,15.01
"(1346,)",15,15.01
"(1206,)",15,15.01
"(2240,)",15,15.01
"(2335,)",15,15.01
"(1468,)",15,15.01
"(2657,)",15,15.01
"(1803,)",15,15.01
"(1471,)",15,15.01
"(2361,)",15,15.01
"(1060,)",15,15.01
"(1159,)",15,15.01
"(1742,)",15,15.01
"(2332,)",15,15.01
"(1397,)",15,15.01
"(1580,)",15,15.01
"(2529,)",15,15.01
"(1480,)",15,15.01
"(1955,)",15,15.01
"(1407,)",15,15.01
"(2584,)",15,15.01
"(1945,)",15,15.01
"(492,)",15,15.01
"(1029,)",15,15.01
"(1338,)",15,15.01
"(2618,)",15,15.01
"(1781,)",15,15.01
"(2526,)",15,15.01
"(2513,)",15,15.01
"(2075,)",15,15.01
"(1855,)",15,15.01
"(2622,)",15,15.01
"(1554,)",15,15.01
"(880,)",15,15.01
"(954,)",15,15.01
"(50,)",15,15.01
"(2202,)",15,15.01
"(2063,)",15,15.01
"(1997,)",15,15.01
"(793,)",15,15.01
"(1861,)",15,15.01
"(2271,)",15,15.01
"(1371,)",15,15.01
"(1055,)",15,15.01
"(2071,)",15,15.01
"(1257,)",15,15.01
"(1859,)",15,15.01
"(627,)",15,15.01
"(2076,)",15,15.01
"(2378,)",15,15.01
"(291,)",15,15.01
"(694,)",15,15.01
"(655,)",15,15.01
"(1590,)",15,15.01
"(2553,)",15,15.01
"(2192,)",15,15.01
"(2619,)",15,15.01
"(2018,)",14,14.01
"(2302,)",14,14.01
"(1019,)",14,14.01
"(2128,)",14,14.01
"(2261,)",14,14.01
"(2346,)",14,14.01
"(530,)",14,14.01
"(2247,)",14,14.01
"(2367,)",14,14.01
"(2720,)",14,14.01
"(885,)",14,14.01
"(2739,)",14,14.01
"(2779,)",14,14.01
"(2326,)",14,14.01
"(2001,)",14,14.01
"(2415,)",14,14.01
"(2601,)",14,14.01
"(2042,)",14,14.01
"(1292,)",14,14.01
"(2235,)",14,14.01
"(2094,)",14,14.01
"(1115,)",14,14.01
"(2245,)",14,14.01
"(1077,)",14,14.01
"(787,)",14,14.01
"(459,)",14,14.01
"(955,)",14,14.01
"(182,)",14,14.01
"(865,)",14,14.01
"(2059,)",14,14.01
"(2780,)",14,14.01
"(2184,)",14,14.01
"(2204,)",14,14.01
"(2678,)",14,14.01
"(1424,)",14,14.01
"(1910,)",14,14.01
"(1695,)",14,14.01
"(1626,)",14,14.01
"(968,)",14,14.01
"(2160,)",14,14.01
"(576,)",14,14.01
"(1550,)",14,14.01
"(919,)",14,14.01
"(1650,)",14,14.01
"(1524,)",14,14.01
"(1584,)",14,14.01
"(1751,)",14,14.01
"(1883,)",14,14.01
"(2684,)",14,14.01
"(2574,)",14,14.01
"(703,)",14,14.01
"(1325,)",14,14.01
"(2058,)",14,14.01
"(2676,)",14,14.01
"(1636,)",14,14.01
"(2488,)",14,14.01
"(1409,)",14,14.01
"(813,)",14,14.01
"(2422,)",14,14.01
"(566,)",14,14.01
"(2736,)",14,14.01
"(2177,)",14,14.01
"(1786,)",14,14.01
"(836,)",14,14.01
"(2591,)",14,14.01
"(2129,)",14,14.01
"(662,)",14,14.01
"(2016,)",14,14.01
"(2624,)",14,14.01
"(733,)",14,14.01
"(2744,)",14,14.01
"(764,)",14,14.01
"(1771,)",14,14.01
"(1968,)",14,14.01
"(2540,)",14,14.01
"(1711,)",14,14.01
"(1096,)",14,14.01
"(1966,)",14,14.01
"(1783,)",14,14.01
"(1911,)",14,14.01
"(1341,)",14,14.01
"(1724,)",14,14.01
"(1023,)",14,14.01
"(782,)",14,14.01
"(1171,)",14,14.01
"(2232,)",14,14.01
"(36,)",14,14.01
"(1969,)",14,14.01
"(2354,)",14,14.01
"(2233,)",14,14.01
"(2487,)",14,14.01
"(857,)",14,14.01
"(2268,)",13,13.01
"(2655,)",13,13.01
"(366,)",13,13.01
"(2369,)",13,13.01
"(2930,)",13,13.01
"(391,)",13,13.01
"(1858,)",13,13.01
"(969,)",13,13.01
"(2605,)",13,13.01
"(2295,)",13,13.01
"(2357,)",13,13.01
"(1152,)",13,13.01
"(2336,)",13,13.01
"(1922,)",13,13.01
"(2224,)",13,13.01
"(1705,)",13,13.01
"(760,)",13,13.01
"(410,)",13,13.01
"(772,)",13,13.01
"(845,)",13,13.01
"(479,)",13,13.01
"(2183,)",13,13.01
"(2469,)",13,13.01
"(1889,)",13,13.01
"(805,)",13,13.01
"(1807,)",13,13.01
"(49,)",13,13.01
"(2898,)",13,13.01
"(2041,)",13,13.01
"(2859,)",13,13.01
"(1109,)",13,13.01
"(2604,)",13,13.01
"(2586,)",13,13.01
"(2697,)",13,13.01
"(2760,)",13,13.01
"(730,)",13,13.01
"(2647,)",13,13.01
"(2440,)",13,13.01
"(924,)",13,13.01
"(2193,)",13,13.01
"(2607,)",13,13.01
"(2412,)",13,13.01
"(466,)",13,13.01
"(1191,)",13,13.01
"(2275,)",13,13.01
"(942,)",13,13.01
"(2393,)",13,13.01
"(1668,)",13,13.01
"(1787,)",13,13.01
"(2516,)",13,13.01
"(1118,)",13,13.01
"(1833,)",13,13.01
"(2167,)",13,13.01
"(2006,)",13,13.01
"(148,)",13,13.01
"(1500,)",13,13.01
"(2895,)",13,13.01
"(2037,)",13,13.01
"(1643,)",13,13.01
"(2003,)",13,13.01
"(2764,)",13,13.01
"(2694,)",13,13.01
"(2067,)",13,13.01
"(1871,)",13,13.01
"(1099,)",13,13.01
"(797,)",13,13.01
"(2083,)",13,13.01
"(2765,)",13,13.01
"(2746,)",13,13.01
"(1394,)",13,13.01
"(1752,)",13,13.01
"(2844,)",13,13.01
"(1534,)",13,13.01
"(900,)",13,13.01
"(2489,)",13,13.01
"(2821,)",13,13.01
"(1150,)",13,13.01
"(2931,)",13,13.01
"(2827,)",13,13.01
"(2435,)",13,13.01
"(1333,)",13,13.01
"(2451,)",13,13.01
"(2652,)",13,13.01
"(894,)",13,13.01
"(428,)",12,12.01
"(2877,)",12,12.01
"(1114,)",12,12.01
"(2706,)",12,12.01
"(1863,)",12,12.01
"(2371,)",12,12.01
"(1155,)",12,12.01
"(2819,)",12,12.01
"(1557,)",12,12.01
"(2708,)",12,12.01
"(1252,)",12,12.01
"(2169,)",12,12.01
"(2818,)",12,12.01
"(1686,)",12,12.01
"(610,)",12,12.01
"(2644,)",12,12.01
"(2407,)",12,12.01
"(716,)",12,12.01
"(1396,)",12,12.01
"(2640,)",12,12.01
"(679,)",12,12.01
"(2991,)",12,12.01
"(2581,)",12,12.01
"(1148,)",12,12.01
"(1932,)",12,12.01
"(2578,)",12,12.01
"(2328,)",12,12.01
"(2390,)",12,12.01
"(2914,)",12,12.01
"(2595,)",12,12.01
"(2585,)",12,12.01
"(2049,)",12,12.01
"(2845,)",12,12.01
"(2343,)",12,12.01
"(1707,)",12,12.01
"(750,)",12,12.01
"(2692,)",12,12.01
"(2227,)",12,12.01
"(2207,)",12,12.01
"(2882,)",12,12.01
"(2096,)",12,12.01
"(2517,)",12,12.01
"(1658,)",12,12.01
"(947,)",12,12.01
"(1992,)",12,12.01
"(2937,)",12,12.01
"(2520,)",12,12.01
"(2734,)",12,12.01
"(771,)",12,12.01
"(741,)",12,12.01
"(2303,)",12,12.01
"(355,)",12,12.01
"(1290,)",12,12.01
"(1967,)",12,12.01
"(659,)",12,12.01
"(2258,)",12,12.01
"(2126,)",12,12.01
"(2318,)",12,12.01
"(246,)",12,12.01
"(2416,)",12,12.01
"(817,)",12,12.01
"(2826,)",12,12.01
"(1406,)",12,12.01
"(247,)",12,12.01
"(2817,)",12,12.01
"(2313,)",12,12.01
"(2753,)",12,12.01
"(967,)",12,12.01
"(2380,)",12,12.01
"(2445,)",12,12.01
"(2786,)",12,12.01
"(736,)",12,12.01
"(2805,)",12,12.01
"(1745,)",12,12.01
"(1266,)",12,12.01
"(2134,)",12,12.01
"(1428,)",12,12.01
"(1560,)",12,12.01
"(1186,)",12,12.01
"(1701,)",12,12.01
"(2341,)",12,12.01
"(1073,)",12,12.01
"(1601,)",12,12.01
"(1880,)",12,12.01
"(2497,)",12,12.01
"(2197,)",12,12.01
"(2729,)",12,12.01
"(1452,)",12,12.01
"(2763,)",11,11.01
"(2752,)",11,11.01
"(2428,)",11,11.01
"(2262,)",11,11.01
"(2331,)",11,11.01
"(1971,)",11,11.01
"(2970,)",11,11.01
"(1426,)",11,11.01
"(1002,)",11,11.01
"(2411,)",11,11.01
"(1692,)",11,11.01
"(1121,)",11,11.01
"(2101,)",11,11.01
"(2934,)",11,11.01
"(1271,)",11,11.01
"(1931,)",11,11.01
"(2940,)",11,11.01
"(2194,)",11,11.01
"(2482,)",11,11.01
"(2797,)",11,11.01
"(1098,)",11,11.01
"(2149,)",11,11.01
"(2226,)",11,11.01
"(2288,)",11,11.01
"(1315,)",11,11.01
"(2643,)",11,11.01
"(2394,)",11,11.01
"(2054,)",11,11.01
"(2532,)",11,11.01
"(1374,)",11,11.01
"(1555,)",11,11.01
"(1710,)",11,11.01
"(1469,)",11,11.01
"(972,)",11,11.01
"(2471,)",11,11.01
"(2274,)",11,11.01
"(2342,)",11,11.01
"(427,)",11,11.01
"(1939,)",11,11.01
"(895,)",11,11.01
"(2348,)",11,11.01
"(2700,)",11,11.01
"(2758,)",11,11.01
"(1763,)",11,11.01
"(2155,)",11,11.01
"(2028,)",11,11.01
"(965,)",11,11.01
"(2284,)",11,11.01
"(301,)",11,11.01
"(1398,)",11,11.01
"(2625,)",11,11.01
"(1616,)",11,11.01
"(1111,)",11,11.01
"(2307,)",11,11.01
"(2403,)",11,11.01
"(2287,)",11,11.01
"(1792,)",11,11.01
"(2878,)",11,11.01
"(2699,)",11,11.01
"(1651,)",11,11.01
"(2630,)",11,11.01
"(2505,)",11,11.01
"(2542,)",11,11.01
"(2762,)",11,11.01
"(2400,)",11,11.01
"(909,)",11,11.01
"(2951,)",11,11.01
"(2946,)",11,11.01
"(767,)",11,11.01
"(405,)",11,11.01
"(1536,)",11,11.01
"(639,)",11,11.01
"(2556,)",11,11.01
"(1884,)",11,11.01
"(2810,)",11,11.01
"(2649,)",11,11.01
"(1849,)",11,11.01
"(1758,)",11,11.01
"(1847,)",11,11.01
"(1256,)",11,11.01
"(699,)",11,11.01
"(2475,)",11,11.01
"(2839,)",11,11.01
"(1699,)",11,11.01
"(2558,)",11,11.01
"(1052,)",11,11.01
"(2688,)",11,11.01
"(1351,)",11,11.01
"(1474,)",10,10.01
"(2823,)",10,10.01
"(325,)",10,10.01
"(2351,)",10,10.01
"(1552,)",10,10.01
"(879,)",10,10.01
"(940,)",10,10.01
"(2613,)",10,10.01
"(2509,)",10,10.01
"(2971,)",10,10.01
"(2825,)",10,10.01
"(1653,)",10,10.01
"(2353,)",10,10.01
"(2032,)",10,10.01
"(2347,)",10,10.01
"(316,)",10,10.01
"(2964,)",10,10.01
"(215,)",10,10.01
"(1609,)",10,10.01
"(2841,)",10,10.01
"(2631,)",10,10.01
"(2158,)",10,10.01
"(402,)",10,10.01
"(2457,)",10,10.01
"(2249,)",10,10.01
"(713,)",10,10.01
"(1772,)",10,10.01
"(2560,)",10,10.01
"(2999,)",10,10.01
"(1618,)",10,10.01
"(2537,)",10,10.01
"(2381,)",10,10.01
"(1869,)",10,10.01
"(1357,)",10,10.01
"(2589,)",10,10.01
"(2985,)",10,10.01
"(2048,)",10,10.01
"(2311,)",10,10.01
"(2182,)",10,10.01
"(2695,)",10,10.01
"(2065,)",10,10.01
"(1800,)",10,10.01
"(2881,)",10,10.01
"(2612,)",10,10.01
"(2382,)",10,10.01
"(2767,)",10,10.01
"(2637,)",10,10.01
"(1886,)",10,10.01
"(2794,)",10,10.01
"(567,)",10,10.01
"(2536,)",10,10.01
"(1582,)",10,10.01
"(1941,)",10,10.01
"(2248,)",10,10.01
"(2812,)",10,10.01
"(2772,)",10,10.01
"(1369,)",10,10.01
"(2097,)",10,10.01
"(2635,)",10,10.01
"(2272,)",10,10.01
"(189,)",10,10.01
"(2413,)",10,10.01
"(861,)",10,10.01
"(1773,)",10,10.01
"(765,)",10,10.01
"(1167,)",10,10.01
"(2168,)",10,10.01
"(1929,)",10,10.01
"(1561,)",10,10.01
"(1568,)",10,10.01
"(1750,)",10,10.01
"(35,)",10,10.01
"(2611,)",10,10.01
"(2924,)",10,10.01
"(2269,)",10,10.01
"(2527,)",10,10.01
"(2091,)",10,10.01
"(1319,)",10,10.01
"(2887,)",10,10.01
"(2769,)",10,10.01
"(756,)",10,10.01
"(2426,)",10,10.01
"(594,)",10,10.01
"(2450,)",10,10.01
"(318,)",10,10.01
"(2264,)",10,10.01
"(2023,)",10,10.01
"(1696,)",10,10.01
"(414,)",10,10.01
"(2446,)",10,10.01
"(2387,)",10,10.01
"(1439,)",10,10.01
"(2512,)",10,10.01
"(2978,)",10,10.01
"(830,)",10,10.01
"(1902,)",10,10.01
"(1991,)",10,10.01
"(2653,)",10,10.01
"(1654,)",10,10.01
"(920,)",10,10.01
"(1418,)",10,10.01
"(2203,)",10,10.01
"(2408,)",10,10.01
"(849,)",10,10.01
"(1606,)",10,10.01
"(663,)",10,10.01
"(1291,)",10,10.01
"(2906,)",10,10.01
"(1629,)",10,10.01
"(2768,)",10,10.01
"(992,)",10,10.01
"(2850,)",10,10.01
"(1445,)",10,10.01
"(2851,)",10,10.01
"(1506,)",10,10.01
"(1917,)",10,10.01
"(2926,)",10,10.01
"(2609,)",9,9.01
"(651,)",9,9.01
"(2211,)",9,9.01
"(2541,)",9,9.01
"(2858,)",9,9.01
"(2492,)",9,9.01
"(1322,)",9,9.01
"(242,)",9,9.01
"(1970,)",9,9.01
"(1637,)",9,9.01
"(2849,)",9,9.01
"(1854,)",9,9.01
"(2836,)",9,9.01
"(2026,)",9,9.01
"(1907,)",9,9.01
"(927,)",9,9.01
"(2483,)",9,9.01
"(2807,)",9,9.01
"(2778,)",9,9.01
"(2623,)",9,9.01
"(2430,)",9,9.01
"(719,)",9,9.01
"(2398,)",9,9.01
"(1268,)",9,9.01
"(2953,)",9,9.01
"(2740,)",9,9.01
"(1358,)",9,9.01
"(2472,)",9,9.01
"(2603,)",9,9.01
"(2689,)",9,9.01
"(2865,)",9,9.01
"(2389,)",9,9.01
"(1022,)",9,9.01
"(2372,)",9,9.01
"(1822,)",9,9.01
"(2449,)",9,9.01
"(1809,)",9,9.01
"(2822,)",9,9.01
"(2992,)",9,9.01
"(1477,)",9,9.01
"(2853,)",9,9.01
"(2949,)",9,9.01
"(2796,)",9,9.01
"(1570,)",9,9.01
"(731,)",9,9.01
"(2548,)",9,9.01
"(2189,)",9,9.01
"(1147,)",9,9.01
"(2860,)",9,9.01
"(1830,)",9,9.01
"(1920,)",9,9.01
"(228,)",9,9.01
"(1334,)",9,9.01
"(2959,)",9,9.01
"(2253,)",9,9.01
"(2404,)",9,9.01
"(2674,)",9,9.01
"(2190,)",9,9.01
"(1299,)",9,9.01
"(2131,)",9,9.01
"(1775,)",9,9.01
"(2813,)",9,9.01
"(2691,)",9,9.01
"(1189,)",9,9.01
"(783,)",9,9.01
"(2350,)",9,9.01
"(2214,)",9,9.01
"(1965,)",9,9.01
"(1281,)",9,9.01
"(2334,)",9,9.01
"(2974,)",9,9.01
"(2409,)",9,9.01
"(1479,)",9,9.01
"(2095,)",9,9.01
"(2696,)",9,9.01
"(2392,)",9,9.01
"(2879,)",9,9.01
"(1300,)",9,9.01
"(1314,)",9,9.01
"(1122,)",9,9.01
"(2217,)",9,9.01
"(2188,)",9,9.01
"(843,)",9,9.01
"(1012,)",9,9.01
"(1520,)",9,9.01
"(2712,)",9,9.01
"(2277,)",9,9.01
"(2846,)",9,9.01
"(2480,)",9,9.01
"(1535,)",9,9.01
"(2251,)",9,9.01
"(652,)",9,9.01
"(2997,)",9,9.01
"(978,)",9,9.01
"(1107,)",9,9.01
"(2661,)",9,9.01
"(2305,)",9,9.01
"(12,)",9,9.01
"(2650,)",9,9.01
"(1318,)",9,9.01
"(2680,)",9,9.01
"(1612,)",9,9.01
"(930,)",9,9.01
"(2252,)",8,8.01
"(1820,)",8,8.01
"(2947,)",8,8.01
"(2664,)",8,8.01
"(2535,)",8,8.01
"(2771,)",8,8.01
"(2106,)",8,8.01
"(337,)",8,8.01
"(2593,)",8,8.01
"(2910,)",8,8.01
"(1666,)",8,8.01
"(1363,)",8,8.01
"(2641,)",8,8.01
"(2901,)",8,8.01
"(2961,)",8,8.01
"(341,)",8,8.01
"(2210,)",8,8.01
"(1079,)",8,8.01
"(2869,)",8,8.01
"(2903,)",8,8.01
"(2719,)",8,8.01
"(588,)",8,8.01
"(2608,)",8,8.01
"(2112,)",8,8.01
"(2087,)",8,8.01
"(2716,)",8,8.01
"(633,)",8,8.01
"(2544,)",8,8.01
"(2534,)",8,8.01
"(124,)",8,8.01
"(2814,)",8,8.01
"(926,)",8,8.01
"(2723,)",8,8.01
"(2856,)",8,8.01
"(2349,)",8,8.01
"(2990,)",8,8.01
"(2866,)",8,8.01
"(2948,)",8,8.01
"(2617,)",8,8.01
"(2888,)",8,8.01
"(2327,)",8,8.01
"(2756,)",8,8.01
"(2820,)",8,8.01
"(1461,)",8,8.01
"(2330,)",8,8.01
"(2282,)",8,8.01
"(2982,)",8,8.01
"(2795,)",8,8.01
"(2070,)",8,8.01
"(2745,)",8,8.01
"(751,)",8,8.01
"(2225,)",8,8.01
"(2785,)",8,8.01
"(1799,)",8,8.01
"(2333,)",8,8.01
"(617,)",8,8.01
"(1392,)",8,8.01
"(2562,)",8,8.01
"(2774,)",8,8.01
"(2442,)",8,8.01
"(2967,)",8,8.01
"(2511,)",8,8.01
"(784,)",8,8.01
"(2893,)",8,8.01
"(2759,)",8,8.01
"(578,)",8,8.01
"(2270,)",8,8.01
"(1989,)",8,8.01
"(2359,)",8,8.01
"(2944,)",8,8.01
"(1067,)",8,8.01
"(2920,)",8,8.01
"(2135,)",8,8.01
"(1676,)",8,8.01
"(2717,)",8,8.01
"(1080,)",8,8.01
"(1419,)",8,8.01
"(2981,)",8,8.01
"(2138,)",8,8.01
"(1767,)",8,8.01
"(1380,)",8,8.01
"(2241,)",8,8.01
"(2196,)",8,8.01
"(1593,)",8,8.01
"(2908,)",8,8.01
"(2418,)",8,8.01
"(1327,)",8,8.01
"(2293,)",8,8.01
"(2587,)",8,8.01
"(2084,)",8,8.01
"(2518,)",8,8.01
"(799,)",8,8.01
"(1542,)",8,8.01
"(2830,)",8,8.01
"(2942,)",8,8.01
"(2397,)",8,8.01
"(1585,)",8,8.01
"(886,)",8,8.01
"(2571,)",8,8.01
"(324,)",8,8.01
"(2114,)",8,8.01
"(2569,)",7,7.01
"(2945,)",7,7.01
"(2173,)",7,7.01
"(1488,)",7,7.01
"(2751,)",7,7.01
"(1027,)",7,7.01
"(1157,)",7,7.01
"(634,)",7,7.01
"(1218,)",7,7.01
"(871,)",7,7.01
"(1729,)",7,7.01
"(2738,)",7,7.01
"(2300,)",7,7.01
"(1823,)",7,7.01
"(2766,)",7,7.01
"(1127,)",7,7.01
"(1072,)",7,7.01
"(2922,)",7,7.01
"(1835,)",7,7.01
"(1976,)",7,7.01
"(2355,)",7,7.01
"(2980,)",7,7.01
"(1621,)",7,7.01
"(674,)",7,7.01
"(1882,)",7,7.01
"(2626,)",7,7.01
"(2386,)",7,7.01
"(990,)",7,7.01
"(2528,)",7,7.01
"(1544,)",7,7.01
"(2671,)",7,7.01
"(2724,)",7,7.01
"(2130,)",7,7.01
"(2741,)",7,7.01
"(2278,)",7,7.01
"(1168,)",7,7.01
"(2875,)",7,7.01
"(1644,)",7,7.01
"(2549,)",7,7.01
"(1795,)",7,7.01
"(2057,)",7,7.01
"(2199,)",7,7.01
"(790,)",7,7.01
"(1744,)",7,7.01
"(2554,)",7,7.01
"(2344,)",7,7.01
"(1663,)",7,7.01
"(752,)",7,7.01
"(2645,)",7,7.01
"(1622,)",7,7.01
"(2966,)",7,7.01
"(1973,)",7,7.01
"(2757,)",7,7.01
"(2777,)",7,7.01
"(474,)",7,7.01
"(2673,)",7,7.01
"(1927,)",7,7.01
"(684,)",7,7.01
"(2693,)",7,7.01
"(2788,)",7,7.01
"(1948,)",7,7.01
"(2848,)",7,7.01
"(2007,)",7,7.01
"(1876,)",7,7.01
"(2108,)",7,7.01
"(2104,)",7,7.01
"(754,)",7,7.01
"(1693,)",7,7.01
"(1466,)",7,7.01
"(2912,)",7,7.01
"(2310,)",7,7.01
"(2986,)",7,7.01
"(162,)",7,7.01
"(2525,)",7,7.01
"(2883,)",7,7.01
"(1841,)",7,7.01
"(657,)",7,7.01
"(79,)",7,7.01
"(1983,)",7,7.01
"(2151,)",7,7.01
"(1716,)",7,7.01
"(1553,)",7,7.01
"(1251,)",7,7.01
"(2670,)",7,7.01
"(1761,)",7,7.01
"(2491,)",7,7.01
"(1984,)",7,7.01
"(2598,)",7,7.01
"(562,)",7,7.01
"(2750,)",7,7.01
"(1133,)",7,7.01
"(1669,)",7,7.01
"(77,)",7,7.01
"(2396,)",7,7.01
"(2090,)",7,7.01
"(2033,)",7,7.01
"(491,)",7,7.01
"(1872,)",7,7.01
"(1489,)",7,7.01
"(2051,)",7,7.01
"(2064,)",7,7.01
"(2338,)",7,7.01
"(2713,)",7,7.01
"(2834,)",7,7.01
"(2742,)",7,7.01
"(1921,)",7,7.01
"(2754,)",7,7.01
"(1250,)",7,7.01
"(2466,)",7,7.01
"(2890,)",7,7.01
"(1510,)",7,7.01
"(350,)",7,7.01
"(721,)",7,7.01
"(2502,)",7,7.01
"(2459,)",7,7.01
"(1615,)",7,7.01
"(2156,)",6,6.01
"(1340,)",6,6.01
"(2606,)",6,6.01
"(2989,)",6,6.01
"(2702,)",6,6.01
"(2916,)",6,6.01
"(2800,)",6,6.01
"(2259,)",6,6.01
"(1826,)",6,6.01
"(2588,)",6,6.01
"(1434,)",6,6.01
"(2555,)",6,6.01
"(2963,)",6,6.01
"(1007,)",6,6.01
"(2722,)",6,6.01
"(463,)",6,6.01
"(2995,)",6,6.01
"(2597,)",6,6.01
"(856,)",6,6.01
"(2419,)",6,6.01
"(2900,)",6,6.01
"(2086,)",6,6.01
"(1356,)",6,6.01
"(2737,)",6,6.01
"(1509,)",6,6.01
"(1467,)",6,6.01
"(2896,)",6,6.01
"(914,)",6,6.01
"(14,)",6,6.01
"(1735,)",6,6.01
"(2798,)",6,6.01
"(1839,)",6,6.01
"(2855,)",6,6.01
"(2468,)",6,6.01
"(2842,)",6,6.01
"(2066,)",6,6.01
"(1825,)",6,6.01
"(1607,)",6,6.01
"(2316,)",6,6.01
"(2092,)",6,6.01
"(2061,)",6,6.01
"(2804,)",6,6.01
"(542,)",6,6.01
"(1016,)",6,6.01
"(1689,)",6,6.01
"(2933,)",6,6.01
"(1311,)",6,6.01
"(2960,)",6,6.01
"(1648,)",6,6.01
"(2082,)",6,6.01
"(2646,)",6,6.01
"(1897,)",6,6.01
"(461,)",6,6.01
"(2874,)",6,6.01
"(2594,)",6,6.01
"(2698,)",6,6.01
"(2977,)",6,6.01
"(2205,)",6,6.01
"(2576,)",6,6.01
"(505,)",6,6.01
"(757,)",6,6.01
"(2815,)",6,6.01
"(2265,)",6,6.01
"(2141,)",6,6.01
"(2994,)",6,6.01
"(2775,)",6,6.01
"(1829,)",6,6.01
"(207,)",6,6.01
"(1209,)",6,6.01
"(2115,)",6,6.01
"(2773,)",6,6.01
"(2648,)",6,6.01
"(2068,)",6,6.01
"(564,)",6,6.01
"(2871,)",6,6.01
"(1229,)",6,6.01
"(1963,)",6,6.01
"(929,)",6,6.01
"(2019,)",6,6.01
"(2610,)",6,6.01
"(1141,)",6,6.01
"(2107,)",6,6.01
"(1502,)",6,6.01
"(2868,)",6,6.01
"(2654,)",6,6.01
"(2081,)",6,6.01
"(2582,)",6,6.01
"(2503,)",6,6.01
"(482,)",6,6.01
"(2730,)",6,6.01
"(2427,)",6,6.01
"(769,)",6,6.01
"(2891,)",6,6.01
"(2456,)",6,6.01
"(1717,)",6,6.01
"(1901,)",6,6.01
"(2069,)",5,5.01
"(2861,)",5,5.01
"(1627,)",5,5.01
"(2040,)",5,5.01
"(2620,)",5,5.01
"(217,)",5,5.01
"(2831,)",5,5.01
"(1499,)",5,5.01
"(1793,)",5,5.01
"(2580,)",5,5.01
"(710,)",5,5.01
"(1455,)",5,5.01
"(812,)",5,5.01
"(2297,)",5,5.01
"(2402,)",5,5.01
"(1401,)",5,5.01
"(1491,)",5,5.01
"(2936,)",5,5.01
"(2894,)",5,5.01
"(1660,)",5,5.01
"(1381,)",5,5.01
"(2801,)",5,5.01
"(2726,)",5,5.01
"(976,)",5,5.01
"(681,)",5,5.01
"(2651,)",5,5.01
"(2046,)",5,5.01
"(2383,)",5,5.01
"(2731,)",5,5.01
"(2200,)",5,5.01
"(2484,)",5,5.01
"(1912,)",5,5.01
"(2573,)",5,5.01
"(1494,)",5,5.01
"(1828,)",5,5.01
"(1453,)",5,5.01
"(1990,)",5,5.01
"(2662,)",5,5.01
"(338,)",5,5.01
"(779,)",5,5.01
"(1647,)",5,5.01
"(2899,)",5,5.01
"(2969,)",5,5.01
"(2244,)",5,5.01
"(1350,)",5,5.01
"(2897,)",5,5.01
"(682,)",5,5.01
"(800,)",5,5.01
"(1164,)",5,5.01
"(1691,)",5,5.01
"(53,)",5,5.01
"(2998,)",5,5.01
"(2317,)",5,5.01
"(2614,)",5,5.01
"(979,)",5,5.01
"(2329,)",5,5.01
"(1851,)",5,5.01
"(2962,)",5,5.01
"(2634,)",5,5.01
"(2872,)",5,5.01
"(321,)",5,5.01
"(2715,)",5,5.01
"(2166,)",5,5.01
"(2276,)",5,5.01
"(2952,)",5,5.01
"(1824,)",5,5.01
"(905,)",5,5.01
"(2761,)",5,5.01
"(2957,)",5,5.01
"(1136,)",5,5.01
"(2479,)",5,5.01
"(1170,)",5,5.01
"(925,)",5,5.01
"(2709,)",5,5.01
"(1649,)",5,5.01
"(2339,)",5,5.01
"(2685,)",4,4.01
"(2789,)",4,4.01
"(2672,)",4,4.01
"(2250,)",4,4.01
"(2950,)",4,4.01
"(192,)",4,4.01
"(1310,)",4,4.01
"(881,)",4,4.01
"(1040,)",4,4.01
"(1473,)",4,4.01
"(2718,)",4,4.01
"(718,)",4,4.01
"(1868,)",4,4.01
"(675,)",4,4.01
"(2690,)",4,4.01
"(2053,)",4,4.01
"(1004,)",4,4.01
"(2727,)",4,4.01
"(1328,)",4,4.01
"(2958,)",4,4.01
"(1058,)",4,4.01
"(781,)",4,4.01
"(1706,)",4,4.01
"(1827,)",4,4.01
"(309,)",4,4.01
"(1086,)",4,4.01
"(2847,)",4,4.01
"(2806,)",4,4.01
"(1297,)",4,4.01
"(2863,)",4,4.01
"(2174,)",4,4.01
"(320,)",4,4.01
"(821,)",4,4.01
"(2832,)",4,4.01
"(2395,)",4,4.01
"(2463,)",4,4.01
"(2178,)",4,4.01
"(2770,)",4,4.01
"(2837,)",4,4.01
"(673,)",4,4.01
"(973,)",4,4.01
"(2025,)",4,4.01
"(368,)",4,4.01
"(2923,)",4,4.01
"(501,)",4,4.01
"(419,)",4,4.01
"(2668,)",4,4.01
"(2521,)",4,4.01
"(855,)",4,4.01
"(2600,)",4,4.01
"(70,)",4,4.01
"(1185,)",4,4.01
"(1575,)",4,4.01
"(732,)",4,4.01
"(555,)",4,4.01
"(1037,)",4,4.01
"(2792,)",4,4.01
"(1664,)",4,4.01
"(2144,)",4,4.01
"(1139,)",4,4.01
"(2993,)",4,4.01
"(2725,)",4,4.01
"(2441,)",4,4.01
"(2306,)",4,4.01
"(2201,)",4,4.01
"(975,)",4,4.01
"(1785,)",4,4.01
"(2429,)",4,4.01
"(862,)",4,4.01
"(13,)",4,4.01
"(1416,)",4,4.01
"(2103,)",4,4.01
"(2490,)",4,4.01
"(2228,)",4,4.01
"(1280,)",4,4.01
"(2132,)",4,4.01
"(2157,)",4,4.01
"(2425,)",4,4.01
"(2366,)",4,4.01
"(2255,)",4,4.01
"(1852,)",4,4.01
"(2711,)",4,4.01
"(2510,)",4,4.01
"(2583,)",4,4.01
"(2208,)",4,4.01
"(2022,)",4,4.01
"(2904,)",4,4.01
"(1657,)",4,4.01
"(2749,)",4,4.01
"(931,)",4,4.01
"(1260,)",4,4.01
"(2748,)",4,4.01
"(1514,)",4,4.01
"(1697,)",4,4.01
"(2432,)",4,4.01
"(2835,)",4,4.01
"(2703,)",4,4.01
"(2147,)",4,4.01
"(611,)",4,4.01
"(1938,)",4,4.01
"(2682,)",4,4.01
"(1400,)",4,4.01
"(456,)",4,4.01
"(2639,)",4,4.01
"(997,)",4,4.01
"(780,)",4,4.01
"(1565,)",4,4.01
"(2984,)",4,4.01
"(1144,)",4,4.01
"(1393,)",4,4.01
"(1448,)",3,3.01
"(1954,)",3,3.01
"(2385,)",3,3.01
"(2925,)",3,3.01
"(2039,)",3,3.01
"(901,)",3,3.01
"(2098,)",3,3.01
"(1589,)",3,3.01
"(638,)",3,3.01
"(1365,)",3,3.01
"(1131,)",3,3.01
"(2119,)",3,3.01
"(834,)",3,3.01
"(2321,)",3,3.01
"(2294,)",3,3.01
"(1486,)",3,3.01
"(1288,)",3,3.01
"(742,)",3,3.01
"(2455,)",3,3.01
"(2370,)",3,3.01
"(1265,)",3,3.01
"(726,)",3,3.01
"(1368,)",3,3.01
"(1821,)",3,3.01
"(1074,)",3,3.01
"(2414,)",3,3.01
"(2222,)",3,3.01
"(2546,)",3,3.01
"(2596,)",3,3.01
"(2816,)",3,3.01
"(1050,)",3,3.01
"(2267,)",3,3.01
"(1790,)",3,3.01
"(1270,)",3,3.01
"(2452,)",3,3.01
"(362,)",3,3.01
"(2683,)",3,3.01
"(2473,)",3,3.01
"(770,)",3,3.01
"(1306,)",3,3.01
"(1145,)",3,3.01
"(2976,)",3,3.01
"(1399,)",3,3.01
"(1525,)",3,3.01
"(2551,)",3,3.01
"(1980,)",3,3.01
"(2854,)",3,3.01
"(2110,)",3,3.01
"(1962,)",3,3.01
"(1516,)",3,3.01
"(2979,)",3,3.01
"(1320,)",3,3.01
"(2137,)",3,3.01
"(1049,)",3,3.01
"(1083,)",3,3.01
"(2704,)",3,3.01
"(2568,)",3,3.01
"(1377,)",3,3.01
"(2206,)",3,3.01
"(1528,)",3,3.01
"(1995,)",3,3.01
"(2559,)",3,3.01
"(1024,)",3,3.01
"(2163,)",3,3.01
"(1728,)",3,3.01
"(2312,)",3,3.01
"(1628,)",3,3.01
"(2496,)",3,3.01
"(1661,)",3,3.01
"(2579,)",3,3.01
"(2002,)",3,3.01
"(2972,)",3,3.01
"(2478,)",3,3.01
"(1814,)",3,3.01
"(2838,)",3,3.01
"(2289,)",3,3.01
"(2941,)",3,3.01
"(575,)",3,3.01
"(899,)",3,3.01
"(1641,)",3,3.01
"(435,)",3,3.01
"(2876,)",3,3.01
"(2437,)",3,3.01
"(1539,)",3,3.01
"(2919,)",3,3.01
"(2231,)",3,3.01
"(534,)",3,3.01
"(2436,)",3,3.01
"(2563,)",3,3.01
"(2728,)",3,3.01
"(2968,)",3,3.01
"(1838,)",3,3.01
"(2983,)",3,3.01
"(1199,)",3,3.01
"(1301,)",3,3.01
"(2111,)",3,3.01
"(2915,)",3,3.01
"(1156,)",3,3.01
"(2102,)",3,3.01
"(2050,)",3,3.01
"(1878,)",3,3.01
"(1953,)",3,3.01
"(2939,)",3,3.01
"(2917,)",3,3.01
"(2322,)",2,2.01
"(2504,)",2,2.01
"(2636,)",2,2.01
"(2152,)",2,2.01
"(1075,)",2,2.01
"(661,)",2,2.01
"(1630,)",2,2.01
"(1373,)",2,2.01
"(2431,)",2,2.01
"(2524,)",2,2.01
"(1405,)",2,2.01
"(1523,)",2,2.01
"(2705,)",2,2.01
"(1487,)",2,2.01
"(2954,)",2,2.01
"(1842,)",2,2.01
"(619,)",2,2.01
"(1208,)",2,2.01
"(624,)",2,2.01
"(2443,)",2,2.01
"(1942,)",2,2.01
"(1470,)",2,2.01
"(270,)",2,2.01
"(2099,)",2,2.01
"(1503,)",2,2.01
"(2714,)",2,2.01
"(2811,)",2,2.01
"(1562,)",2,2.01
"(2296,)",2,2.01
"(1287,)",2,2.01
"(2733,)",2,2.01
"(1026,)",2,2.01
"(910,)",2,2.01
"(2533,)",2,2.01
"(1703,)",2,2.01
"(2506,)",2,2.01
"(2531,)",2,2.01
"(1848,)",2,2.01
"(2632,)",2,2.01
"(2561,)",2,2.01
"(478,)",2,2.01
"(2755,)",2,2.01
"(1343,)",2,2.01
"(785,)",2,2.01
"(1746,)",2,2.01
"(2105,)",2,2.01
"(2701,)",2,2.01
"(2005,)",2,2.01
"(1774,)",2,2.01
"(1493,)",2,2.01
"(2292,)",2,2.01
"(1427,)",2,2.01
"(1564,)",2,2.01
"(1959,)",2,2.01
"(933,)",2,2.01
"(2852,)",2,2.01
"(1216,)",2,2.01
"(625,)",2,2.01
"(1934,)",2,2.01
"(1979,)",2,2.01
"(373,)",2,2.01
"(902,)",2,2.01
"(838,)",2,2.01
"(393,)",2,2.01
"(2687,)",2,2.01
"(2907,)",2,2.01
"(1784,)",2,2.01
"(1559,)",2,2.01
"(1896,)",2,2.01
"(2127,)",2,2.01
"(1344,)",2,2.01
"(1764,)",2,2.01
"(1408,)",2,2.01
"(2179,)",2,2.01
"(1916,)",2,2.01
"(1347,)",2,2.01
"(1530,)",2,2.01
"(1210,)",2,2.01
"(2012,)",2,2.01
"(2308,)",2,2.01
"(2543,)",2,2.01
"(1097,)",2,2.01
"(275,)",2,2.01
"(2088,)",2,2.01
"(2219,)",2,2.01
"(2660,)",2,2.01
"(2237,)",2,2.01
"(2955,)",2,2.01
"(2029,)",2,2.01
"(1964,)",2,2.01
"(1092,)",2,2.01
"(1364,)",2,2.01
"(2659,)",2,2.01
"(1836,)",2,2.01
"(2340,)",2,2.01
"(421,)",1,1.01
"(2627,)",1,1.01
"(2996,)",1,1.01
"(1456,)",1,1.01
"(2298,)",1,1.01
"(1974,)",1,1.01
"(2470,)",1,1.01
"(688,)",1,1.01
"(2221,)",1,1.01
"(1232,)",1,1.01
"(1182,)",1,1.01
"(2886,)",1,1.01
"(1246,)",1,1.01
"(1624,)",1,1.01
"(2572,)",1,1.01
"(632,)",1,1.01
"(2666,)",1,1.01
"(2056,)",1,1.01
"(2656,)",1,1.01
"(1986,)",1,1.01
"(2799,)",1,1.01
"(2710,)",1,1.01
"(1834,)",1,1.01
"(546,)",1,1.01
"(842,)",1,1.01
"(1924,)",1,1.01
"(2515,)",1,1.01
"(1543,)",1,1.01
"(2921,)",1,1.01
"(2880,)",1,1.01
"(2508,)",1,1.01
"(2870,)",1,1.01
"(52,)",1,1.01
"(2140,)",1,1.01
"(1873,)",1,1.01
"(2621,)",1,1.01
"(2185,)",1,1.01
"(1228,)",1,1.01
"(2909,)",1,1.01
"(2499,)",1,1.01
"(1808,)",1,1.01
"(2884,)",1,1.01
"(1994,)",1,1.01
"(2677,)",1,1.01
"(2557,)",1,1.01
"(583,)",1,1.01
"(1614,)",1,1.01
"(2283,)",1,1.01
"(2024,)",1,1.01
"(2021,)",1,1.01
"(2862,)",1,1.01
"(2462,)",1,1.01
"(2324,)",1,1.01
"(2523,)",1,1.01
"(2665,)",1,1.01
"(1646,)",1,1.01
"(2776,)",1,1.01
"(2987,)",1,1.01
"(2735,)",1,1.01
"(520,)",1,1.01
"(2150,)",1,1.01
"(2467,)",1,1.01
"(2932,)",1,1.01
"(42,)",1,1.01
"(2113,)",1,1.01
"(2281,)",1,1.01
"(551,)",1,1.01
"(1698,)",1,1.01
"(2829,)",1,1.01
"(2803,)",1,1.01
"(887,)",1,1.01
"(2929,)",1,1.01
"(1577,)",1,1.01
"(1923,)",1,1.01
"(2833,)",1,1.01
"(2889,)",1,1.01
"(2180,)",1,1.01
"(2663,)",1,1.01
"(568,)",1,1.01
"(1153,)",1,1.01
"(2410,)",1,1.01
"(1263,)",1,1.01
"(898,)",1,1.01
"(1005,)",1,1.01
"(2477,)",1,1.01
"(1495,)",1,1.01
"(2564,)",1,1.01
"(2423,)",1,1.01
"(2828,)",1,1.01
"(2356,)",1,1.01
"(1034,)",1,1.01
"(1754,)",1,1.01
"(1129,)",1,1.01
"(2120,)",1,1.01
"(2034,)",1,1.01
"(2379,)",1,1.01
"(1737,)",1,1.01
"(2374,)",1,1.01
"(1128,)",1,1.01
"(1981,)",1,1.01
"(1175,)",1,1.01
"(908,)",1,1.01
"(1044,)",1,1.01
"(2406,)",1,1.01
"(2928,)",1,1.01
"(2802,)",1,1.01
"(2633,)",1,1.01
"(693,)",1,1.01
"(1987,)",1,1.01
"(1952,)",1,1.01
"(2434,)",1,1.01
"(1462,)",1,1.01
"(532,)",1,1.01
"(2911,)",1,1.01
"(2530,)",1,1.01
"(1914,)",1,1.01
"(1778,)",1,1.01
"(2213,)",1,1.01
"(2575,)",1,1.01
"(2824,)",1,1.01
"(2679,)",1,1.01
"(1094,)",1,1.01
"(1436,)",1,1.01
"(614,)",1,1.01
"(1087,)",1,1.01
"(5,)",1,1.01
"(1432,)",1,1.01
"(2044,)",1,1.01
"(1046,)",1,1.01
"(2153,)",1,1.01
"(2052,)",1,1.01
"(1113,)",1,1.01
"(1459,)",1,1.01
"(1154,)",1,1.01
"(1712,)",1,1.01
"(17,)",1,1.01
"(18,)",1,1.01
"(1137,)",1,1.01
"(1472,)",1,1.01
"(2060,)",1,1.01
"(1579,)",1,1.01
"(536,)",1,1.01
"(2500,)",1,1.01
"(2242,)",1,1.01
